<site>
 <posts />
 <pages>
  <page author="" caption="Home" dateModified="05/14/2013 15:12:51" description="Description" keywords="Keywords" metaTags="" name="home" path="/home" showInHmenu="True" showInVmenu="True" showTitle="False" title="New Page" titleInBrowser="New Page">
   <pageHead></pageHead>
   <content>&lt;div class="art-content-layout-wrapper" style="margin-bottom: 20px;"&gt;
&lt;div class="art-content-layout"&gt;
    &lt;div class="art-content-layout-row"&gt;
    &lt;div class="art-layout-cell" style="width:33%" &gt;
        &lt;div style="background:#f5f5f5;padding-top: 5px;padding-bottom: 2px;"&gt;
        &lt;h3 style="text-align: center;padding-bottom: 10px;"&gt;Web Toys&lt;/h3&gt;
        &lt;/div&gt;
        &lt;p style="text-align: center;"&gt;&lt;img width="195" height="195" alt="" src="contentimage7.png" style="margin:0;" class=""&gt;&lt;/p&gt;
        &lt;p style="text-align: center;"&gt;&lt;a href="http://www.freedigitalphotos.net/images/view_photog.php?photogid=721"&gt;Image: renjith krishnan / FreeDigitalPhotos.net&lt;/a&gt;&lt;/p&gt;
    &lt;/div&gt;&lt;div class="art-layout-cell" style="width:34%" &gt;
        &lt;div style="background:#f5f5f5;padding-top: 5px;padding-bottom: 2px;"&gt;
        &lt;h3 style="text-align: center;padding-bottom: 10px;"&gt;Hosting Toys&lt;/h3&gt;
        &lt;/div&gt;
        &lt;p&gt;&lt;img width="195" height="195" alt="" src="contentimage6.png" style="margin:0;" class=""&gt;&lt;/p&gt;
        &lt;p style="text-align: center;"&gt;&lt;a href="http://www.freedigitalphotos.net/images/view_photog.php?photogid=721"&gt;Image: renjith krishnan / FreeDigitalPhotos.net&lt;/a&gt;&lt;/p&gt;
    &lt;/div&gt;&lt;div class="art-layout-cell" style="width:33%" &gt;
        &lt;div style="background:#f5f5f5;padding-top: 5px;padding-bottom: 2px;"&gt;
        &lt;h3 style="text-align: center;padding-bottom: 10px;"&gt;Server Toys&lt;/h3&gt;
        &lt;/div&gt;
        &lt;p style="text-align: center;"&gt;&lt;img width="195" height="195" alt="" src="contentimage4.png" style="margin:0;" class=""&gt;&lt;/p&gt;
        &lt;p style="text-align: center;"&gt;&lt;a href="http://www.freedigitalphotos.net"&gt;Image: FreeDigitalPhotos.net&lt;/a&gt;&lt;/p&gt;
    &lt;/div&gt;
    &lt;/div&gt;
&lt;/div&gt;
&lt;/div&gt;
&lt;div class="art-content-layout"&gt;
    &lt;div class="art-content-layout-row"&gt;
    &lt;div class="art-layout-cell" style="padding: 20px; width:33%" &gt;
        &lt;h3 style="text-align: center;"&gt;Latest Updates&lt;/h3&gt;
        &lt;ul&gt;
        &lt;li&gt;Suspendisse pharetra auctor pharetra.&lt;/li&gt;
        &lt;li&gt;Nunc a sollicitudin est.&lt;/li&gt;
        &lt;li&gt;Curabitur ullamcorper gravida felis&lt;/li&gt;
        &lt;li&gt;Sit amet scelerisque lorem iaculis sed.&lt;/li&gt;
        &lt;li&gt;Donec vel neque in neque porta venenatis.&lt;/li&gt;
        &lt;/ul&gt;
        &lt;p&gt;&lt;a href="#" class="art-button"&gt;Learn more&lt;/a&gt;&lt;/p&gt;
    &lt;/div&gt;&lt;div class="art-layout-cell" style="color: #262C2A; background: #F5F5F5; padding: 20px; width:67%" &gt;
        &lt;h3 style="text-align: center;"&gt;Permanent Support&lt;/h3&gt;
        &lt;p style="text-align: center;"&gt;&lt;img width="300" height="200" alt="" src="shutterstock_19883491.jpg" class=""&gt;&lt;/p&gt;
        &lt;p style="text-align: center;font-weight: bold;"&gt;Call-center: &lt;span style="color: rgb(35, 141, 222);"&gt;1-111-111-1111&lt;/span&gt;&lt;br&gt;
         Email: &lt;span style="color: rgb(35, 141, 222);"&gt;email@domain.com&lt;/span&gt;&lt;/p&gt;
    &lt;/div&gt;
    &lt;/div&gt;
&lt;/div&gt;
</content>
   <layout>
    <struct>&lt;div class="art-content-layout-wrapper" style="margin-bottom: 20px;"&gt;
&lt;div class="art-content-layout"&gt;
    &lt;div class="art-content-layout-row"&gt;
    &lt;div class="art-layout-cell" style="width:33%" &gt;
        {content}
    &lt;/div&gt;&lt;div class="art-layout-cell" style="width:34%" &gt;
        {content}
    &lt;/div&gt;&lt;div class="art-layout-cell" style="width:33%" &gt;
        {content}
    &lt;/div&gt;
    &lt;/div&gt;
&lt;/div&gt;
&lt;/div&gt;
&lt;div class="art-content-layout"&gt;
    &lt;div class="art-content-layout-row"&gt;
    &lt;div class="art-layout-cell" style="padding: 20px; width:33%" &gt;
        {content}
    &lt;/div&gt;&lt;div class="art-layout-cell" style="color: #262C2A; background: #F5F5F5; padding: 20px; width:67%" &gt;
        {content}
    &lt;/div&gt;
    &lt;/div&gt;
&lt;/div&gt;
</struct>
    <contents>
     <content>&lt;div style="background:#f5f5f5;padding-top: 5px;padding-bottom: 2px;"&gt;
&lt;h3 style="text-align: center;padding-bottom: 10px;"&gt;Web Toys&lt;/h3&gt;
&lt;/div&gt;
&lt;p style="text-align: center;"&gt;&lt;img width="195" height="195" alt="" src="contentimage7.png" style="margin:0;" class=""&gt;&lt;/p&gt;
&lt;p style="text-align: center;"&gt;&lt;a href="http://www.freedigitalphotos.net/images/view_photog.php?photogid=721"&gt;Image: renjith krishnan / FreeDigitalPhotos.net&lt;/a&gt;&lt;/p&gt;</content>
     <content>&lt;div style="background:#f5f5f5;padding-top: 5px;padding-bottom: 2px;"&gt;
&lt;h3 style="text-align: center;padding-bottom: 10px;"&gt;Hosting Toys&lt;/h3&gt;
&lt;/div&gt;
&lt;p&gt;&lt;img width="195" height="195" alt="" src="contentimage6.png" style="margin:0;" class=""&gt;&lt;/p&gt;
&lt;p style="text-align: center;"&gt;&lt;a href="http://www.freedigitalphotos.net/images/view_photog.php?photogid=721"&gt;Image: renjith krishnan / FreeDigitalPhotos.net&lt;/a&gt;&lt;/p&gt;</content>
     <content>&lt;div style="background:#f5f5f5;padding-top: 5px;padding-bottom: 2px;"&gt;
&lt;h3 style="text-align: center;padding-bottom: 10px;"&gt;Server Toys&lt;/h3&gt;
&lt;/div&gt;
&lt;p style="text-align: center;"&gt;&lt;img width="195" height="195" alt="" src="contentimage4.png" style="margin:0;" class=""&gt;&lt;/p&gt;
&lt;p style="text-align: center;"&gt;&lt;a href="http://www.freedigitalphotos.net"&gt;Image: FreeDigitalPhotos.net&lt;/a&gt;&lt;/p&gt;</content>
     <content>&lt;h3 style="text-align: center;"&gt;Latest Updates&lt;/h3&gt;
&lt;ul&gt;
&lt;li&gt;Suspendisse pharetra auctor pharetra.&lt;/li&gt;
&lt;li&gt;Nunc a sollicitudin est.&lt;/li&gt;
&lt;li&gt;Curabitur ullamcorper gravida felis&lt;/li&gt;
&lt;li&gt;Sit amet scelerisque lorem iaculis sed.&lt;/li&gt;
&lt;li&gt;Donec vel neque in neque porta venenatis.&lt;/li&gt;
&lt;/ul&gt;
&lt;p&gt;&lt;a href="#" class="art-button"&gt;Learn more&lt;/a&gt;&lt;/p&gt;</content>
     <content>&lt;h3 style="text-align: center;"&gt;Permanent Support&lt;/h3&gt;
&lt;p style="text-align: center;"&gt;&lt;img width="300" height="200" alt="" src="shutterstock_19883491.jpg" class=""&gt;&lt;/p&gt;
&lt;p style="text-align: center;font-weight: bold;"&gt;Call-center: &lt;span style="color: rgb(35, 141, 222);"&gt;1-111-111-1111&lt;/span&gt;&lt;br&gt;
 Email: &lt;span style="color: rgb(35, 141, 222);"&gt;email@domain.com&lt;/span&gt;&lt;/p&gt;</content>
    </contents>
   </layout>
  </page>
  <page author="" caption="Contacts" dateModified="09/13/2012 23:02:57" description="Description" keywords="Keywords" metaTags="" name="contacts" path="/contacts" showInHmenu="True" showInVmenu="True" showTitle="True" title="Contacts" titleInBrowser="Contacts">
   <pageHead></pageHead>
   <content>&lt;div class="art-content-layout"&gt;
    &lt;div class="art-content-layout-row"&gt;
    &lt;div class="art-layout-cell" style="padding-top: 0px;padding-right: 10px;padding-bottom: 10px;padding-left: 10px; width:100%" &gt;
        &lt;p&gt;Lorem ipsum dolor sit amet, consectetur adipiscing elit. Etiam pharetra, tellus sit amet congue vulputate, nisi erat iaculis nibh, vitae feugiat sapien ante eget mauris.&lt;/p&gt;
        
        &lt;p&gt;Cras elit nisl, rhoncus nec iaculis ultricies, feugiat eget sapien. Pellentesque ac felis tellus. Aenean sollicitudin imperdiet arcu, vitae dignissim est posuere id. Duis placerat justo eu nunc interdum ultrices.&lt;/p&gt;
        
        &lt;p&gt;&lt;span style="font-weight: bold;"&gt;Our Address&lt;/span&gt;&lt;/p&gt;
        
        &lt;p&gt;586 Main Ave, Building 42&lt;br /&gt;
        Main City, Country 12345-6789&lt;/p&gt;
        
        &lt;p&gt;T: (555) 123 - 4567&lt;br /&gt;
        F: (555) 523 - 4567&lt;/p&gt;
        
        &lt;p&gt;W: &lt;a href="#"&gt;http://www.domain.com&lt;br /&gt;&lt;/a&gt;E: &lt;a href="#"&gt;email@domain.com&lt;/a&gt;&lt;/p&gt;
    &lt;/div&gt;
    &lt;/div&gt;
&lt;/div&gt;
</content>
   <layout>
    <struct>&lt;div class="art-content-layout"&gt;
    &lt;div class="art-content-layout-row"&gt;
    &lt;div class="art-layout-cell" style="padding-top: 0px;padding-right: 10px;padding-bottom: 10px;padding-left: 10px; width:100%" &gt;
        {content}
    &lt;/div&gt;
    &lt;/div&gt;
&lt;/div&gt;
</struct>
    <contents>
     <content>&lt;p&gt;Lorem ipsum dolor sit amet, consectetur adipiscing elit. Etiam pharetra, tellus sit amet congue vulputate, nisi erat iaculis nibh, vitae feugiat sapien ante eget mauris.&lt;/p&gt;

&lt;p&gt;Cras elit nisl, rhoncus nec iaculis ultricies, feugiat eget sapien. Pellentesque ac felis tellus. Aenean sollicitudin imperdiet arcu, vitae dignissim est posuere id. Duis placerat justo eu nunc interdum ultrices.&lt;/p&gt;

&lt;p&gt;&lt;span style="font-weight: bold;"&gt;Our Address&lt;/span&gt;&lt;/p&gt;

&lt;p&gt;586 Main Ave, Building 42&lt;br /&gt;
Main City, Country 12345-6789&lt;/p&gt;

&lt;p&gt;T: (555) 123 - 4567&lt;br /&gt;
F: (555) 523 - 4567&lt;/p&gt;

&lt;p&gt;W: &lt;a href="#"&gt;http://www.domain.com&lt;br /&gt;&lt;/a&gt;E: &lt;a href="#"&gt;email@domain.com&lt;/a&gt;&lt;/p&gt;</content>
    </contents>
   </layout>
  </page>
 </pages>
 <sidebars>
  <sidebar caption="" name="sidebar1">
   <block name="text-1" position="0" title="Hot Offers">
    <content>&lt;p&gt;&lt;img width="53" height="53" alt="" src="1.png" style="float: left; margin:10px;"&gt;&lt;/p&gt;
&lt;p&gt;&lt;span style="font-weight: bold;"&gt;Lorem ipsum dolor&lt;/span&gt;&lt;/p&gt;
&lt;p&gt;Sit amet, consectetur adipiscing elit vitae feugiat sapien ante eget.&lt;/p&gt;
&lt;br&gt;
&lt;p&gt;&lt;img width="53" height="53" alt="" src="2.png" style="float: left; margin:10px;" class=""&gt;&lt;/p&gt;
&lt;p&gt;&lt;span style="font-weight: bold;"&gt;Aenean sollicitudin&lt;/span&gt;&lt;/p&gt;
&lt;p&gt;Imperdiet arcu, vitae dignissim est posuere id. Duis placerat justo eu.&lt;/p&gt;
&lt;br&gt;
&lt;p&gt;&lt;img width="53" height="53" alt="" src="3.png" style="float: left; margin:10px;"&gt;&lt;/p&gt;
&lt;p&gt;&lt;span style="font-weight: bold;"&gt;Donec vel neque&lt;/span&gt;&lt;/p&gt;
&lt;p&gt;&lt;span style="font-weight: bold;"&gt;&lt;/span&gt;Porta venenatis sed sit amet lectus ornare elit nisl, feugiat bibendum.&lt;/p&gt;</content>
    <pageHead></pageHead>
   </block>
   <block name="text" position="1" title="Need a Website?">
    <content>&lt;p style="text-align: center;"&gt;&lt;img width="209" height="208" alt="" src="blockimage2.png" class=""&gt;&lt;/p&gt;
&lt;p&gt;&lt;a href="#" class="art-button"&gt;Start here&lt;/a&gt;&lt;/p&gt;</content>
    <pageHead></pageHead>
   </block>
  </sidebar>
  <sidebar caption="" name="content-before" />
  <sidebar caption="" name="content-after" />
 </sidebars>
</site>